{"cameraMode":{"drawMode":0,"name":"Shaded","section":"Shading Mode"},"sceneLighting":true,"audioPlay":false,"sceneViewState":{"showFog":true,"showMaterialUpdate":false,"showSkybox":true,"showFlares":true,"showImageEffects":true,"showParticleSystems":true},"in2DMode":false,"pivot":{"x":50.83091354370117,"y":13.01120376586914,"z":-10.554216384887696},"rotation":{"x":0.10946371406316757,"y":0.8822281360626221,"z":-0.2530297040939331,"w":0.38166365027427676},"size":53.636817932128909,"orthographic":false}