{"cameraMode":{"drawMode":0,"name":"Shaded","section":"Shading Mode"},"sceneLighting":true,"audioPlay":false,"sceneViewState":{"showFog":true,"showMaterialUpdate":false,"showSkybox":true,"showFlares":true,"showImageEffects":true,"showParticleSystems":true},"in2DMode":false,"pivot":{"x":23.48124885559082,"y":-4.38356351852417,"z":-21.066120147705079},"rotation":{"x":-0.07258321344852448,"y":-0.9253166317939758,"z":0.22879479825496674,"w":-0.29355388879776},"size":9.061134338378907,"orthographic":true}