{"cameraMode":{"drawMode":0,"name":"Shaded","section":"Shading Mode"},"sceneLighting":true,"audioPlay":false,"sceneViewState":{"showFog":true,"showMaterialUpdate":false,"showSkybox":true,"showFlares":true,"showImageEffects":true,"showParticleSystems":true},"in2DMode":false,"pivot":{"x":-44.375579833984378,"y":59.031837463378909,"z":40.07661819458008},"rotation":{"x":0.1460803896188736,"y":0.8506378531455994,"z":-0.31437018513679507,"w":0.3952810764312744},"size":12.558751106262207,"orthographic":true}