{"cameraMode":{"drawMode":0,"name":"Shaded","section":"Shading Mode"},"sceneLighting":true,"audioPlay":false,"sceneViewState":{"showFog":true,"showMaterialUpdate":false,"showSkybox":true,"showFlares":true,"showImageEffects":true,"showParticleSystems":true},"in2DMode":false,"pivot":{"x":-45.65620803833008,"y":43.567142486572269,"z":33.8814582824707},"rotation":{"x":-0.12360979616641998,"y":-0.8672513365745544,"z":0.26684674620628359,"w":-0.4017317593097687},"size":9.395179748535157,"orthographic":true}