{"cameraMode":{"drawMode":0,"name":"Shaded","section":"Shading Mode"},"sceneLighting":true,"audioPlay":false,"sceneViewState":{"showFog":true,"showMaterialUpdate":false,"showSkybox":true,"showFlares":true,"showImageEffects":true,"showParticleSystems":true},"in2DMode":false,"pivot":{"x":-40.816810607910159,"y":55.218570709228519,"z":37.45988082885742},"rotation":{"x":0.15909342467784882,"y":0.8400824666023254,"z":-0.346225768327713,"w":0.386106938123703},"size":8.909621238708496,"orthographic":true}