{"cameraMode":{"drawMode":0,"name":"Shaded","section":"Shading Mode"},"sceneLighting":false,"audioPlay":false,"sceneViewState":{"showFog":true,"showMaterialUpdate":false,"showSkybox":true,"showFlares":true,"showImageEffects":true,"showParticleSystems":true},"in2DMode":false,"pivot":{"x":0.055174827575683597,"y":0.8561596870422363,"z":0.04879170283675194},"rotation":{"x":0.06565245240926743,"y":0.0002977823605760932,"z":-0.00001912313928187359,"w":0.99784255027771},"size":6.713657855987549,"orthographic":true}