{"cameraMode":{"drawMode":0,"name":"Shaded","section":"Shading Mode"},"sceneLighting":true,"audioPlay":false,"sceneViewState":{"showFog":true,"showMaterialUpdate":false,"showSkybox":true,"showFlares":true,"showImageEffects":true,"showParticleSystems":true},"in2DMode":false,"pivot":{"x":-38.92056655883789,"y":38.805931091308597,"z":36.062103271484378},"rotation":{"x":-0.09694482386112213,"y":-0.8985652327537537,"z":0.25158894062042239,"w":-0.3462444841861725},"size":10.012066841125489,"orthographic":true}