{"cameraMode":{"drawMode":0,"name":"Shaded","section":"Shading Mode"},"sceneLighting":false,"audioPlay":false,"sceneViewState":{"showFog":true,"showMaterialUpdate":false,"showSkybox":true,"showFlares":true,"showImageEffects":true,"showParticleSystems":true},"in2DMode":false,"pivot":{"x":3.4761879444122316,"y":-3.703519344329834,"z":-6.819365501403809},"rotation":{"x":0.1460803896188736,"y":0.8506378531455994,"z":-0.31437018513679507,"w":0.3952810764312744},"size":22.0,"orthographic":true}