{"cameraMode":{"drawMode":0,"name":"Shaded","section":"Shading Mode"},"sceneLighting":false,"audioPlay":false,"sceneViewState":{"showFog":true,"showMaterialUpdate":false,"showSkybox":true,"showFlares":true,"showImageEffects":true,"showParticleSystems":true},"in2DMode":false,"pivot":{"x":1.7759695053100587,"y":2.009932518005371,"z":-1.0913197994232178},"rotation":{"x":-0.041933853179216388,"y":0.9563414454460144,"z":-0.17284364998340608,"w":-0.23190002143383027},"size":1.9400595426559449,"orthographic":true}