{"cameraMode":{"drawMode":0,"name":"Shaded","section":"Shading Mode"},"sceneLighting":false,"audioPlay":false,"sceneViewState":{"showFog":true,"showMaterialUpdate":false,"showSkybox":true,"showFlares":true,"showImageEffects":true,"showParticleSystems":true},"in2DMode":false,"pivot":{"x":956.7254638671875,"y":490.5023193359375,"z":7.504976749420166},"rotation":{"x":0.12470065802335739,"y":0.8678454756736755,"z":-0.2736305594444275,"w":0.3955000340938568},"size":3726.902099609375,"orthographic":true}