{"cameraMode":{"drawMode":0,"name":"Shaded","section":"Shading Mode"},"sceneLighting":true,"audioPlay":false,"sceneViewState":{"showFog":true,"showMaterialUpdate":false,"showSkybox":true,"showFlares":true,"showImageEffects":true,"showParticleSystems":true},"in2DMode":false,"pivot":{"x":-46.75505447387695,"y":60.50300216674805,"z":44.18235778808594},"rotation":{"x":0.12470065802335739,"y":0.8678454756736755,"z":-0.2736305594444275,"w":0.3955000340938568},"size":9.58516788482666,"orthographic":true}