{"cameraMode":{"drawMode":0,"name":"Shaded","section":"Shading Mode"},"sceneLighting":false,"audioPlay":false,"sceneViewState":{"showFog":true,"showMaterialUpdate":false,"showSkybox":true,"showFlares":true,"showImageEffects":true,"showParticleSystems":true},"in2DMode":false,"pivot":{"x":-0.014999998733401299,"y":0.5849999785423279,"z":0.0},"rotation":{"x":0.12470065802335739,"y":0.8678454756736755,"z":-0.2736305594444275,"w":0.3955000340938568},"size":2.767133951187134,"orthographic":true}