{"cameraMode":{"drawMode":0,"name":"Shaded","section":"Shading Mode"},"sceneLighting":false,"audioPlay":false,"sceneViewState":{"showFog":true,"showMaterialUpdate":false,"showSkybox":true,"showFlares":true,"showImageEffects":true,"showParticleSystems":true},"in2DMode":false,"pivot":{"x":1.4774301052093506,"y":0.9914021492004395,"z":-9.32852840423584},"rotation":{"x":-0.09104736894369126,"y":-0.9042954444885254,"z":0.24237993359565736,"w":-0.3394290804862976},"size":12.733490943908692,"orthographic":true}