{"cameraMode":{"drawMode":0,"name":"Shaded","section":"Shading Mode"},"sceneLighting":false,"audioPlay":false,"sceneViewState":{"showFog":true,"showMaterialUpdate":false,"showSkybox":true,"showFlares":true,"showImageEffects":true,"showParticleSystems":true},"in2DMode":false,"pivot":{"x":-2.969179391860962,"y":-1.1809526681900025,"z":-3.0962579250335695},"rotation":{"x":0.011152039282023907,"y":0.6993398070335388,"z":0.01090945117175579,"w":-0.7146191000938416},"size":2.248688220977783,"orthographic":true}