{"cameraMode":{"drawMode":0,"name":"Shaded","section":"Shading Mode"},"sceneLighting":false,"audioPlay":false,"sceneViewState":{"showFog":true,"showMaterialUpdate":false,"showSkybox":true,"showFlares":true,"showImageEffects":true,"showParticleSystems":true},"in2DMode":false,"pivot":{"x":-0.019999995827674867,"y":0.26499998569488528,"z":-0.019999995827674867},"rotation":{"x":-0.0068292454816401009,"y":0.888538122177124,"z":-0.45856115221977236,"w":-0.013235888443887234},"size":1.0643458366394044,"orthographic":true}