{"cameraMode":{"drawMode":0,"name":"Shaded","section":"Shading Mode"},"sceneLighting":false,"audioPlay":false,"sceneViewState":{"showFog":true,"showMaterialUpdate":false,"showSkybox":true,"showFlares":true,"showImageEffects":true,"showParticleSystems":true},"in2DMode":false,"pivot":{"x":-1.6360801458358765,"y":0.6722694635391235,"z":0.0554124154150486},"rotation":{"x":-0.20163320004940034,"y":-0.39186474680900576,"z":0.08845142275094986,"w":-0.8932874202728272},"size":7.646717071533203,"orthographic":true}