{"cameraMode":{"drawMode":0,"name":"Shaded","section":"Shading Mode"},"sceneLighting":false,"audioPlay":false,"sceneViewState":{"showFog":true,"showMaterialUpdate":false,"showSkybox":true,"showFlares":true,"showImageEffects":true,"showParticleSystems":true},"in2DMode":false,"pivot":{"x":-0.5720155239105225,"y":0.9300386905670166,"z":-2.3474278450012209},"rotation":{"x":0.008997646160423756,"y":-0.006299722008407116,"z":0.000056702730944380164,"w":0.9999397397041321},"size":3.3690550327301027,"orthographic":true}