{"cameraMode":{"drawMode":0,"name":"Shaded","section":"Shading Mode"},"sceneLighting":false,"audioPlay":false,"sceneViewState":{"showFog":true,"showMaterialUpdate":false,"showSkybox":true,"showFlares":true,"showImageEffects":true,"showParticleSystems":true},"in2DMode":false,"pivot":{"x":2.2751708030700685,"y":1.9705489873886109,"z":1.636918544769287},"rotation":{"x":0.1460803896188736,"y":0.8506378531455994,"z":-0.31437018513679507,"w":0.3952810764312744},"size":0.6855355501174927,"orthographic":true}