{"cameraMode":{"drawMode":0,"name":"Shaded","section":"Shading Mode"},"sceneLighting":true,"audioPlay":false,"sceneViewState":{"showFog":true,"showMaterialUpdate":false,"showSkybox":true,"showFlares":true,"showImageEffects":true,"showParticleSystems":true},"in2DMode":false,"pivot":{"x":-0.6875005960464478,"y":0.8949218988418579,"z":0.1785152703523636},"rotation":{"x":0.12392595410346985,"y":0.8677650690078735,"z":-0.2698582112789154,"w":0.3985006809234619},"size":17.400142669677736,"orthographic":true}