{"cameraMode":{"drawMode":0,"name":"Shaded","section":"Shading Mode"},"sceneLighting":false,"audioPlay":false,"sceneViewState":{"showFog":true,"showMaterialUpdate":false,"showSkybox":true,"showFlares":true,"showImageEffects":true,"showParticleSystems":true},"in2DMode":false,"pivot":{"x":0.12949968874454499,"y":0.8375583291053772,"z":-1.725043535232544},"rotation":{"x":-0.04552405700087547,"y":-0.7309983968734741,"z":0.048998210579156879,"w":-0.6790936589241028},"size":4.8658599853515629,"orthographic":true}