{"cameraMode":{"drawMode":0,"name":"Shaded","section":"Shading Mode"},"sceneLighting":false,"audioPlay":false,"sceneViewState":{"showFog":true,"showMaterialUpdate":false,"showSkybox":true,"showFlares":true,"showImageEffects":true,"showParticleSystems":true},"in2DMode":false,"pivot":{"x":0.7884211540222168,"y":-1.156960129737854,"z":0.5555140972137451},"rotation":{"x":0.00018944415205623955,"y":0.999813437461853,"z":0.014099664986133576,"w":-0.013201908208429814},"size":1.541229248046875,"orthographic":true}