{"cameraMode":{"drawMode":0,"name":"Shaded","section":"Shading Mode"},"sceneLighting":false,"audioPlay":false,"sceneViewState":{"showFog":true,"showMaterialUpdate":false,"showSkybox":true,"showFlares":true,"showImageEffects":true,"showParticleSystems":true},"in2DMode":false,"pivot":{"x":-0.173869788646698,"y":0.5362687706947327,"z":-0.05534054711461067},"rotation":{"x":0.05992937833070755,"y":0.940081775188446,"z":-0.2411661595106125,"w":0.23343880474567414},"size":3.748915672302246,"orthographic":true}