{"cameraMode":{"drawMode":0,"name":"Shaded","section":"Shading Mode"},"sceneLighting":false,"audioPlay":false,"sceneViewState":{"showFog":true,"showMaterialUpdate":false,"showSkybox":true,"showFlares":true,"showImageEffects":true,"showParticleSystems":true},"in2DMode":false,"pivot":{"x":2.254969358444214,"y":2.0589325428009035,"z":-0.43831974267959597},"rotation":{"x":0.15909342467784882,"y":0.8400824666023254,"z":-0.346225768327713,"w":0.386106938123703},"size":1.940059781074524,"orthographic":true}