{"cameraMode":{"drawMode":0,"name":"Shaded","section":"Shading Mode"},"sceneLighting":false,"audioPlay":false,"sceneViewState":{"showFog":true,"showMaterialUpdate":false,"showSkybox":true,"showFlares":true,"showImageEffects":true,"showParticleSystems":true},"in2DMode":false,"pivot":{"x":-0.050363726913928989,"y":-1.1979563236236573,"z":1.7980209589004517},"rotation":{"x":0.008045662194490433,"y":0.7096034288406372,"z":-0.00807422399520874,"w":0.7045091986656189},"size":1.5726860761642457,"orthographic":true}