{"cameraMode":{"drawMode":0,"name":"Shaded","section":"Shading Mode"},"sceneLighting":false,"audioPlay":false,"sceneViewState":{"showFog":true,"showMaterialUpdate":false,"showSkybox":true,"showFlares":true,"showImageEffects":true,"showParticleSystems":true},"in2DMode":false,"pivot":{"x":-4.336561679840088,"y":0.5731140375137329,"z":0.12189726531505585},"rotation":{"x":-0.030471963807940484,"y":0.7808935046195984,"z":-0.03821789473295212,"w":-0.6227489113807678},"size":1.428341269493103,"orthographic":true}