{"cameraMode":{"drawMode":0,"name":"Shaded","section":"Shading Mode"},"sceneLighting":true,"audioPlay":false,"sceneViewState":{"showFog":true,"showMaterialUpdate":false,"showSkybox":true,"showFlares":true,"showImageEffects":true,"showParticleSystems":true},"in2DMode":false,"pivot":{"x":2.1453094482421877,"y":-4.690915107727051,"z":-4.070440769195557},"rotation":{"x":0.146977961063385,"y":0.8529231548309326,"z":-0.3470456600189209,"w":0.36121872067451479},"size":6.25122594833374,"orthographic":true}