{"cameraMode":{"drawMode":0,"name":"Shaded","section":"Shading Mode"},"sceneLighting":false,"audioPlay":false,"sceneViewState":{"showFog":true,"showMaterialUpdate":false,"showSkybox":true,"showFlares":true,"showImageEffects":true,"showParticleSystems":true},"in2DMode":false,"pivot":{"x":2.4848036766052248,"y":0.6449421048164368,"z":0.04874992370605469},"rotation":{"x":0.16274519264698029,"y":0.7028825283050537,"z":-0.17044071853160859,"w":0.6711335182189941},"size":3.12361478805542,"orthographic":true}