{"cameraMode":{"drawMode":0,"name":"Shaded","section":"Shading Mode"},"sceneLighting":false,"audioPlay":false,"sceneViewState":{"showFog":true,"showMaterialUpdate":false,"showSkybox":true,"showFlares":true,"showImageEffects":true,"showParticleSystems":true},"in2DMode":false,"pivot":{"x":-1.006380319595337,"y":10.397688865661621,"z":8.011686325073243},"rotation":{"x":0.14542151987552644,"y":0.8544352650642395,"z":-0.36114591360092165,"w":0.34404462575912478},"size":22.0,"orthographic":true}