{"cameraMode":{"drawMode":0,"name":"Shaded","section":"Shading Mode"},"sceneLighting":false,"audioPlay":false,"sceneViewState":{"showFog":true,"showMaterialUpdate":false,"showSkybox":true,"showFlares":true,"showImageEffects":true,"showParticleSystems":true},"in2DMode":false,"pivot":{"x":-0.09999990463256836,"y":2.8000001907348635,"z":0.0},"rotation":{"x":-0.24541401863098145,"y":-0.4273950159549713,"z":0.12174265831708908,"w":-0.8615592122077942},"size":7.646717071533203,"orthographic":true}