{"cameraMode":{"drawMode":0,"name":"Shaded","section":"Shading Mode"},"sceneLighting":true,"audioPlay":false,"sceneViewState":{"showFog":true,"showMaterialUpdate":false,"showSkybox":true,"showFlares":true,"showImageEffects":true,"showParticleSystems":true},"in2DMode":false,"pivot":{"x":-41.67779541015625,"y":56.65533447265625,"z":39.057960510253909},"rotation":{"x":0.1460803896188736,"y":0.8506378531455994,"z":-0.31437018513679507,"w":0.3952810764312744},"size":7.312122344970703,"orthographic":true}