{"cameraMode":{"drawMode":0,"name":"Shaded","section":"Shading Mode"},"sceneLighting":false,"audioPlay":false,"sceneViewState":{"showFog":true,"showMaterialUpdate":false,"showSkybox":true,"showFlares":true,"showImageEffects":true,"showParticleSystems":true},"in2DMode":false,"pivot":{"x":-3.119999885559082,"y":3.01542067527771,"z":13.730758666992188},"rotation":{"x":0.15909342467784882,"y":0.8400824666023254,"z":-0.346225768327713,"w":0.386106938123703},"size":28.947540283203126,"orthographic":true}