{"cameraMode":{"drawMode":0,"name":"Shaded","section":"Shading Mode"},"sceneLighting":true,"audioPlay":false,"sceneViewState":{"showFog":true,"showMaterialUpdate":false,"showSkybox":true,"showFlares":true,"showImageEffects":true,"showParticleSystems":true},"in2DMode":false,"pivot":{"x":-6.215254783630371,"y":14.814851760864258,"z":5.807446479797363},"rotation":{"x":0.14519120752811433,"y":0.8537829518318176,"z":-0.3301691710948944,"w":0.37544992566108706},"size":68.42472076416016,"orthographic":true}