{"cameraMode":{"drawMode":0,"name":"Shaded","section":"Shading Mode"},"sceneLighting":true,"audioPlay":false,"sceneViewState":{"showFog":true,"showMaterialUpdate":false,"showSkybox":true,"showFlares":true,"showImageEffects":true,"showParticleSystems":true},"in2DMode":false,"pivot":{"x":-54.56901931762695,"y":58.568180084228519,"z":43.47392654418945},"rotation":{"x":-0.12470066547393799,"y":-0.8678455352783203,"z":0.2736305892467499,"w":-0.3955000638961792},"size":10.0,"orthographic":true}