{"cameraMode":{"drawMode":0,"name":"Shaded","section":"Shading Mode"},"sceneLighting":true,"audioPlay":false,"sceneViewState":{"showFog":true,"showMaterialUpdate":false,"showSkybox":true,"showFlares":true,"showImageEffects":true,"showParticleSystems":true},"in2DMode":false,"pivot":{"x":-40.77094650268555,"y":56.41718673706055,"z":37.964942932128909},"rotation":{"x":0.1460803896188736,"y":0.8506378531455994,"z":-0.31437018513679507,"w":0.3952810764312744},"size":10.842535018920899,"orthographic":true}