{"cameraMode":{"drawMode":0,"name":"Shaded","section":"Shading Mode"},"sceneLighting":false,"audioPlay":false,"sceneViewState":{"showFog":true,"showMaterialUpdate":false,"showSkybox":true,"showFlares":true,"showImageEffects":true,"showParticleSystems":true},"in2DMode":false,"pivot":{"x":-12.281817436218262,"y":1.5651744604110718,"z":-6.430636882781982},"rotation":{"x":0.0635700672864914,"y":0.9349378943443298,"z":-0.21815574169158936,"w":0.2725033760070801},"size":5.608944892883301,"orthographic":true}