{"cameraMode":{"drawMode":0,"name":"Shaded","section":"Shading Mode"},"sceneLighting":false,"audioPlay":false,"sceneViewState":{"showFog":true,"showMaterialUpdate":false,"showSkybox":true,"showFlares":true,"showImageEffects":true,"showParticleSystems":true},"in2DMode":false,"pivot":{"x":1.170218825340271,"y":-0.18035326898097993,"z":-0.1522895097732544},"rotation":{"x":-0.01984087936580181,"y":0.9795953035354614,"z":-0.15708154439926148,"w":-0.12379332631826401},"size":2.0212574005126955,"orthographic":true}