{"cameraMode":{"drawMode":0,"name":"Shaded","section":"Shading Mode"},"sceneLighting":false,"audioPlay":false,"sceneViewState":{"showFog":true,"showMaterialUpdate":false,"showSkybox":true,"showFlares":true,"showImageEffects":true,"showParticleSystems":true},"in2DMode":false,"pivot":{"x":-0.10851363837718964,"y":1.5228002071380616,"z":-0.25247395038604739},"rotation":{"x":0.0011785930255427957,"y":-0.9916538000106812,"z":0.008627735078334809,"w":0.12863488495349885},"size":3.5494773387908937,"orthographic":true}