{"cameraMode":{"drawMode":0,"name":"Shaded","section":"Shading Mode"},"sceneLighting":true,"audioPlay":false,"sceneViewState":{"showFog":true,"showMaterialUpdate":false,"showSkybox":true,"showFlares":true,"showImageEffects":true,"showParticleSystems":true},"in2DMode":false,"pivot":{"x":0.3047439455986023,"y":1.477351427078247,"z":1.0723408460617066},"rotation":{"x":-0.03851737827062607,"y":-0.9614750146865845,"z":0.19440019130706788,"w":-0.19050166010856629},"size":22.498462677001954,"orthographic":true}