{"cameraMode":{"drawMode":0,"name":"Shaded","section":"Shading Mode"},"sceneLighting":true,"audioPlay":false,"sceneViewState":{"showFog":true,"showMaterialUpdate":false,"showSkybox":true,"showFlares":true,"showImageEffects":true,"showParticleSystems":true},"in2DMode":false,"pivot":{"x":11.245570182800293,"y":-7.378327369689941,"z":-12.245532035827637},"rotation":{"x":-0.10087824612855911,"y":-0.8947157859802246,"z":0.257181316614151,"w":-0.3509487509727478},"size":37.368900299072269,"orthographic":false}