{"cameraMode":{"drawMode":0,"name":"Shaded","section":"Shading Mode"},"sceneLighting":true,"audioPlay":false,"sceneViewState":{"showFog":true,"showMaterialUpdate":false,"showSkybox":true,"showFlares":true,"showImageEffects":true,"showParticleSystems":true},"in2DMode":false,"pivot":{"x":2.333597183227539,"y":-5.973639011383057,"z":-16.098175048828126},"rotation":{"x":-0.01405778992921114,"y":-0.9804982542991638,"z":0.18054892122745515,"w":-0.07633981853723526},"size":22.113418579101564,"orthographic":true}